Dynamic IO Comments DO NOT MODIFY FILE OTHER THAN COMMENT STRINGS,,,
IN:1,Input1,OUT:1,Output1
IN:2,Input2,OUT:2,Output2
IN:3,Input3,OUT:3,Output3
IN:4,Input4,OUT:4,Output4
IN:5,Input5,OUT:5,Output5
IN:6,Input6,OUT:6,Output6
IN:7,Input7,OUT:7,Output7
IN:8,Input8,OUT:8,Output8
IN:9,Input9,OUT:9,Output9
IN:10,Input10,OUT:10,Output10
IN:11,Input11,OUT:11,Output11
IN:12,Input12,OUT:12,Output12
IN:13,Input13,OUT:13,Output13
IN:14,Input14,OUT:14,Output14
IN:15,Input15,OUT:15,Output15
IN:16,Input16,OUT:16,Output16
IN:17,Input17,OUT:17,Output17
IN:18,Input18,OUT:18,Output18
IN:19,Input19,OUT:19,Output19
IN:20,Input20,OUT:20,Output20
IN:21,Input21,OUT:21,Output21
IN:22,Input22,OUT:22,Output22
IN:23,Input23,OUT:23,Output23
IN:24,Input24,OUT:24,Output24
IN:25,Input25,OUT:25,Output25
IN:26,Input26,OUT:26,Output26
IN:27,Input27,OUT:27,Output27
IN:28,Input28,OUT:28,Output28
IN:29,Input29,OUT:29,Output29
IN:30,Input30,OUT:30,Output30
IN:31,Input31,OUT:31,Output31
IN:32,Input32,OUT:32,Output32
IN:33,Input33,OUT:33,Output33
IN:34,Input34,OUT:34,Output34
IN:35,Input35,OUT:35,Output35
IN:36,Input36,OUT:36,Output36
IN:37,Input37,OUT:37,Output37
IN:38,Input38,OUT:38,Output38
IN:39,Input39,OUT:39,Output39
IN:40,Input40,OUT:40,Output40
